"Instantiate in Update() method","Update() method is called each frame. It's inefficient to use Instantiate() in Update() method.","warning","sink of this Instantiate() method is [[""sink""|""relative:///Assets/GoogleARCore/Examples/AugmentedImage/Scripts/AugmentedImageExampleController.cs:79:104:79:109""]].","/Assets/GoogleARCore/Examples/AugmentedImage/Scripts/AugmentedImageExampleController.cs","78","37","78","72"
"Instantiate in Update() method","Update() method is called each frame. It's inefficient to use Instantiate() in Update() method.","warning","sink of this Instantiate() method is [[""sink""|""relative:///Assets/GoogleARCore/Examples/CloudAnchor/Scripts/CloudAnchorController.cs:253:42:253:57""]].","/Assets/GoogleARCore/Examples/CloudAnchor/Scripts/CloudAnchorController.cs","216","9","216","37"
"Instantiate in Update() method","Update() method is called each frame. It's inefficient to use Instantiate() in Update() method.","warning","sink of this Instantiate() method is [[""sink""|""relative:///Assets/GoogleARCore/Examples/HelloAR/Scripts/HelloARController.cs:120:50:120:66""]].","/Assets/GoogleARCore/Examples/HelloAR/Scripts/HelloARController.cs","79","13","79","41"
"Instantiate in Update() method","Update() method is called each frame. It's inefficient to use Instantiate() in Update() method.","warning","sink of this Instantiate() method is [[""sink""|""relative:///Assets/Dodge/Scripts/ARAnchoring.cs:37:38:37:115""]].","/Assets/Dodge/Scripts/ARAnchoring.cs","37","38","37","115"
"Instantiate in Update() method","Update() method is called each frame. It's inefficient to use Instantiate() in Update() method.","warning","sink of this Instantiate() method is [[""sink""|""relative:///Assets/Dodge/Scripts/ARAnchoring.cs:61:34:61:95""]].","/Assets/Dodge/Scripts/ARAnchoring.cs","61","34","61","95"
"Instantiate in Update() method","Update() method is called each frame. It's inefficient to use Instantiate() in Update() method.","warning","sink of this Instantiate() method is [[""sink""|""relative:///Assets/GoogleARCore/Examples/AugmentedImage/Scripts/AugmentedImageExampleController.cs:79:60:79:120""]].","/Assets/GoogleARCore/Examples/AugmentedImage/Scripts/AugmentedImageExampleController.cs","79","60","79","120"
"Instantiate in Update() method","Update() method is called each frame. It's inefficient to use Instantiate() in Update() method.","warning","sink of this Instantiate() method is [[""sink""|""relative:///Assets/GoogleARCore/Examples/CloudAnchor/Scripts/CloudAnchorController.cs:253:30:254:54""]].","/Assets/GoogleARCore/Examples/CloudAnchor/Scripts/CloudAnchorController.cs","253","30","254","54"
"Instantiate in Update() method","Update() method is called each frame. It's inefficient to use Instantiate() in Update() method.","warning","sink of this Instantiate() method is [[""sink""|""relative:///Assets/GoogleARCore/Examples/CloudAnchor/Scripts/CloudAnchorController.cs:253:42:253:57""]].","/Assets/GoogleARCore/Examples/CloudAnchor/Scripts/CloudAnchorController.cs","253","42","253","57"
"Instantiate in Update() method","Update() method is called each frame. It's inefficient to use Instantiate() in Update() method.","warning","sink of this Instantiate() method is [[""sink""|""relative:///Assets/GoogleARCore/Examples/Common/Scripts/DetectedPlaneGenerator.cs:61:42:61:119""]].","/Assets/GoogleARCore/Examples/Common/Scripts/DetectedPlaneGenerator.cs","61","42","61","119"
"Instantiate in Update() method","Update() method is called each frame. It's inefficient to use Instantiate() in Update() method.","warning","sink of this Instantiate() method is [[""sink""|""relative:///Assets/GoogleARCore/Examples/HelloAR/Scripts/HelloARController.cs:120:38:120:105""]].","/Assets/GoogleARCore/Examples/HelloAR/Scripts/HelloARController.cs","120","38","120","105"
