"Transform object of Rigidbody in Update() methods","Rigidbody needs to be transformed in FixedUpdate() methods to simulate real-world movement.","warning","Here exists the Rigidbody transform in update [[""here""|""relative:///Assets/Oculus/VR/Scripts/Util/OVRGrabber.cs:162:13:162:37""]].
Here exists the Rigidbody transform in update [[""here""|""relative:///Assets/Oculus/VR/Scripts/Util/OVRGrabber.cs:163:13:163:37""]].","/Assets/Oculus/SampleFramework/Core/DistanceGrab/Scripts/DistanceGrabber.cs","128","13","128","16"
"Transform object of Rigidbody in Update() methods","Rigidbody needs to be transformed in FixedUpdate() methods to simulate real-world movement.","warning","Here exists the Rigidbody transform in update [[""here""|""relative:///Assets/Oculus/VR/Scripts/Util/OVRGrabber.cs:162:13:162:37""]].
Here exists the Rigidbody transform in update [[""here""|""relative:///Assets/Oculus/VR/Scripts/Util/OVRGrabber.cs:163:13:163:37""]].","/Assets/Oculus/VR/Scripts/Util/OVRGrabber.cs","148","13","148","30"
"Transform object of Rigidbody in Update() methods","Rigidbody needs to be transformed in FixedUpdate() methods to simulate real-world movement.","warning","Here exists the Rigidbody transform in update [[""here""|""relative:///Assets/Oculus/SampleFramework/Usage/SceneManager/Scripts/BouncingBallMgr.cs:60:5:60:34""]].
Here exists the Rigidbody transform in update [[""here""|""relative:///Assets/Oculus/SampleFramework/Usage/SceneManager/Scripts/BouncingBallMgr.cs:60:5:60:8""]].
Here exists the Rigidbody transform in update [[""here""|""relative:///Assets/Oculus/SampleFramework/Usage/SceneManager/Scripts/BouncingBallMgr.cs:61:5:61:34""]].
Here exists the Rigidbody transform in update [[""here""|""relative:///Assets/Oculus/SampleFramework/Usage/SceneManager/Scripts/BouncingBallMgr.cs:61:5:61:8""]].
Here exists the Rigidbody transform in update [[""here""|""relative:///Assets/Oculus/SampleFramework/Usage/SceneManager/Scripts/BouncingBallMgr.cs:62:5:62:34""]].
Here exists the Rigidbody transform in update [[""here""|""relative:///Assets/Oculus/SampleFramework/Usage/SceneManager/Scripts/BouncingBallMgr.cs:62:5:62:8""]].","/Assets/Oculus/SampleFramework/Usage/SceneManager/Scripts/BouncingBallMgr.cs","42","23","42","101"
"Transform object of Rigidbody in Update() methods","Rigidbody needs to be transformed in FixedUpdate() methods to simulate real-world movement.","warning","Here exists the Rigidbody transform in update [[""here""|""relative:///Assets/Oculus/SampleFramework/Usage/SceneManager/Scripts/BouncingBallMgr.cs:60:5:60:34""]].
Here exists the Rigidbody transform in update [[""here""|""relative:///Assets/Oculus/SampleFramework/Usage/SceneManager/Scripts/BouncingBallMgr.cs:60:5:60:8""]].
Here exists the Rigidbody transform in update [[""here""|""relative:///Assets/Oculus/SampleFramework/Usage/SceneManager/Scripts/BouncingBallMgr.cs:61:5:61:34""]].
Here exists the Rigidbody transform in update [[""here""|""relative:///Assets/Oculus/SampleFramework/Usage/SceneManager/Scripts/BouncingBallMgr.cs:61:5:61:8""]].
Here exists the Rigidbody transform in update [[""here""|""relative:///Assets/Oculus/SampleFramework/Usage/SceneManager/Scripts/BouncingBallMgr.cs:62:5:62:34""]].
Here exists the Rigidbody transform in update [[""here""|""relative:///Assets/Oculus/SampleFramework/Usage/SceneManager/Scripts/BouncingBallMgr.cs:62:5:62:8""]].","/Assets/Oculus/SampleFramework/Usage/SceneManager/Scripts/BouncingBallMgr.cs","53","17","53","27"
