"Using New() allocation in Update() method.","Update() method is called each frame. It's efficient to allocate new resource using New() in Update() method.","warning","Using New() to create object in Update here.","/Assets/Crest/Crest/Scripts/Collision/VisualiseCollisionArea.cs","64","57","64","159"
"Using New() allocation in Update() method.","Update() method is called each frame. It's efficient to allocate new resource using New() in Update() method.","warning","Using New() to create object in Update here.","/Assets/Crest/Crest-Examples/BoatDev/Scripts/RippleGenerator.cs","52","25","52","103"
"Using New() allocation in Update() method.","Update() method is called each frame. It's efficient to allocate new resource using New() in Update() method.","warning","Using New() to create object in Update here.","/Assets/Crest/Crest-Examples/BoatDev/Scripts/RippleGenerator.cs","52","34","52","88"
"Using New() allocation in Update() method.","Update() method is called each frame. It's efficient to allocate new resource using New() in Update() method.","warning","Using New() to create object in Update here.","/Assets/Oculus/VR/Scripts/Composition/OVRDirectComposition.cs","101","32","101","44"
"Using New() allocation in Update() method.","Update() method is called each frame. It's efficient to allocate new resource using New() in Update() method.","warning","Using New() to create object in Update here.","/Assets/Oculus/VR/Scripts/Composition/OVRDirectComposition.cs","114","30","114","42"
"Using New() allocation in Update() method.","Update() method is called each frame. It's efficient to allocate new resource using New() in Update() method.","warning","Using New() to create object in Update here.","/Assets/Oculus/VR/Scripts/Composition/OVRDirectComposition.cs","152","31","152","103"
"Using New() allocation in Update() method.","Update() method is called each frame. It's efficient to allocate new resource using New() in Update() method.","warning","Using New() to create object in Update here.","/Assets/Oculus/VR/Scripts/Composition/OVRExternalComposition.cs","317","29","317","41"
"Using New() allocation in Update() method.","Update() method is called each frame. It's efficient to allocate new resource using New() in Update() method.","warning","Using New() to create object in Update here.","/Assets/Oculus/VR/Scripts/Composition/OVRExternalComposition.cs","318","32","318","44"
"Using New() allocation in Update() method.","Update() method is called each frame. It's efficient to allocate new resource using New() in Update() method.","warning","Using New() to create object in Update here.","/Assets/Oculus/VR/Scripts/OVRHeadsetEmulator.cs","113","46","113","98"
"Using New() allocation in Update() method.","Update() method is called each frame. It's efficient to allocate new resource using New() in Update() method.","warning","Using New() to create object in Update here.","/Assets/Oculus/VR/Scripts/OVRInput.cs","3056","39","3056","70"
"Using New() allocation in Update() method.","Update() method is called each frame. It's efficient to allocate new resource using New() in Update() method.","warning","Using New() to create object in Update here.","/Assets/Oculus/VR/Scripts/OVRInput.cs","3351","20","3351","58"
"Using New() allocation in Update() method.","Update() method is called each frame. It's efficient to allocate new resource using New() in Update() method.","warning","Using New() to create object in Update here.","/Assets/Oculus/VR/Scripts/OVRInput.cs","3590","20","3590","58"
"Using New() allocation in Update() method.","Update() method is called each frame. It's efficient to allocate new resource using New() in Update() method.","warning","Using New() to create object in Update here.","/Assets/Oculus/VR/Scripts/OVRInput.cs","3756","20","3756","58"
"Using New() allocation in Update() method.","Update() method is called each frame. It's efficient to allocate new resource using New() in Update() method.","warning","Using New() to create object in Update here.","/Assets/Oculus/VR/Scripts/OVRMixedReality.cs","99","26","99","77"
"Using New() allocation in Update() method.","Update() method is called each frame. It's efficient to allocate new resource using New() in Update() method.","warning","Using New() to create object in Update here.","/Assets/Oculus/VR/Scripts/OVRMixedReality.cs","107","26","107","123"
"Using New() allocation in Update() method.","Update() method is called each frame. It's efficient to allocate new resource using New() in Update() method.","warning","Using New() to create object in Update here.","/Assets/Oculus/VR/Scripts/Util/OVRMixedRealityCaptureTest.cs","181","50","181","69"
"Using New() allocation in Update() method.","Update() method is called each frame. It's efficient to allocate new resource using New() in Update() method.","warning","Using New() to create object in Update here.","/Assets/Oculus/VR/Scripts/Util/OVRMixedRealityCaptureTest.cs","187","28","187","47"
"Using New() allocation in Update() method.","Update() method is called each frame. It's efficient to allocate new resource using New() in Update() method.","warning","Using New() to create object in Update here.","/Assets/Oculus/VR/Scripts/Util/OVRMixedRealityCaptureTest.cs","211","25","211","44"
"Using New() allocation in Update() method.","Update() method is called each frame. It's efficient to allocate new resource using New() in Update() method.","warning","Using New() to create object in Update here.","/Assets/Oculus/VR/Scripts/Util/OVRSkeleton.cs","328","28","328","86"
"Using New() allocation in Update() method.","Update() method is called each frame. It's efficient to allocate new resource using New() in Update() method.","warning","Using New() to create object in Update here.","/Assets/Oculus/VR/Scripts/Util/OVRVignette.cs","392","32","392","86"
"Using New() allocation in Update() method.","Update() method is called each frame. It's efficient to allocate new resource using New() in Update() method.","warning","Using New() to create object in Update here.","/Assets/Oculus/VR/Scripts/Util/OVRVignette.cs","393","32","393","88"
"Using New() allocation in Update() method.","Update() method is called each frame. It's efficient to allocate new resource using New() in Update() method.","warning","Using New() to create object in Update here.","/Assets/Oculus/VR/Scripts/Util/OVRVignette.cs","394","37","394","93"
"Using New() allocation in Update() method.","Update() method is called each frame. It's efficient to allocate new resource using New() in Update() method.","warning","Using New() to create object in Update here.","/Assets/Oculus/VR/Scripts/Util/OVRVignette.cs","395","37","395","91"
"Using New() allocation in Update() method.","Update() method is called each frame. It's efficient to allocate new resource using New() in Update() method.","warning","Using New() to create object in Update here.","/Assets/Oculus/VR/Scripts/Util/OVRVignette.cs","379","24","379","106"
"Using New() allocation in Update() method.","Update() method is called each frame. It's efficient to allocate new resource using New() in Update() method.","warning","Using New() to create object in Update here.","/Assets/TextMesh Pro/Examples & Extras/Scripts/ObjectSpin.cs","58","61","58","80"
