"Transform object of Rigidbody in Update() methods","Rigidbody needs to be transformed in FixedUpdate() methods to simulate real-world movement.","warning","Here exists the Rigidbody transform in update [[""here""|""relative:///Assets/Oculus/SampleFramework/Usage/SceneManager/Scripts/BouncingBallLogic.cs:81:9:81:33""]].
Here exists the Rigidbody transform in update [[""here""|""relative:///Assets/Oculus/SampleFramework/Usage/SceneManager/Scripts/BouncingBallLogic.cs:82:9:82:33""]].
Here exists the Rigidbody transform in update [[""here""|""relative:///Assets/Oculus/SampleFramework/Usage/SceneManager/Scripts/BouncingBallLogic.cs:83:9:83:33""]].","/Assets/Oculus/SampleFramework/Usage/SceneManager/Scripts/BouncingBallMgr.cs","17","27","17","105"
"Transform object of Rigidbody in Update() methods","Rigidbody needs to be transformed in FixedUpdate() methods to simulate real-world movement.","warning","Here exists the Rigidbody transform in update [[""here""|""relative:///Assets/Oculus/SampleFramework/Usage/SceneManager/Scripts/BouncingBallLogic.cs:81:9:81:33""]].
Here exists the Rigidbody transform in update [[""here""|""relative:///Assets/Oculus/SampleFramework/Usage/SceneManager/Scripts/BouncingBallLogic.cs:82:9:82:33""]].
Here exists the Rigidbody transform in update [[""here""|""relative:///Assets/Oculus/SampleFramework/Usage/SceneManager/Scripts/BouncingBallLogic.cs:83:9:83:33""]].","/Assets/Oculus/SampleFramework/Usage/SceneManager/Scripts/BouncingBallMgr.cs","28","13","28","57"
"Transform object of Rigidbody in Update() methods","Rigidbody needs to be transformed in FixedUpdate() methods to simulate real-world movement.","warning","Here exists the Rigidbody transform in update [[""here""|""relative:///Assets/Oculus/SampleFramework/Usage/SceneManager/Scripts/BouncingBallLogic.cs:81:9:81:33""]].
Here exists the Rigidbody transform in update [[""here""|""relative:///Assets/Oculus/SampleFramework/Usage/SceneManager/Scripts/BouncingBallLogic.cs:82:9:82:33""]].
Here exists the Rigidbody transform in update [[""here""|""relative:///Assets/Oculus/SampleFramework/Usage/SceneManager/Scripts/BouncingBallLogic.cs:83:9:83:33""]].","/Assets/Oculus/SampleFramework/Usage/SceneManager/Scripts/BouncingBallMgr.cs","28","13","28","23"
"Transform object of Rigidbody in Update() methods","Rigidbody needs to be transformed in FixedUpdate() methods to simulate real-world movement.","warning","Here exists the Rigidbody transform in update [[""here""|""relative:///Assets/Oculus/VR/Scripts/Util/OVRGrabber.cs:162:13:162:37""]].
Here exists the Rigidbody transform in update [[""here""|""relative:///Assets/Oculus/VR/Scripts/Util/OVRGrabber.cs:163:13:163:37""]].","/Assets/Oculus/VR/Scripts/Util/OVRGrabber.cs","148","13","148","30"
