"Instantiate/Destroy in Update() method","Update() method is called each frame. It's inefficient to use Instantiate(ï¼‰ and Destroy() in Update() method.","warning","sink of this Instantiate() method is [[""sink""|""relative:///Assets/Scripts/PanelStats.cs:71:21:71:22""]].","/Assets/Scripts/PanelStats.cs","70","29","70","46"
"Using New() allocation in Update() method.","Update() method is called each frame. It's efficient to allocate new resource using New() in Update() method.","warning","Using New() to create object in Update here.","/Assets/BaroqueUI/Scripts/KeyboardClicker.cs","267","32","267","58"
"Using New() allocation in Update() method.","Update() method is called each frame. It's efficient to allocate new resource using New() in Update() method.","warning","Using New() to create object in Update here.","/Assets/Intro/PickLevelGroup.cs","62","55","62","75"
"Using New() allocation in Update() method.","Update() method is called each frame. It's efficient to allocate new resource using New() in Update() method.","warning","Using New() to create object in Update here.","/Assets/Oculus/Interaction/Runtime/Scripts/Interaction/Pointable/VirtualPointable.cs","52","44","53","44"
"Using New() allocation in Update() method.","Update() method is called each frame. It's efficient to allocate new resource using New() in Update() method.","warning","Using New() to create object in Update here.","/Assets/Oculus/Interaction/Runtime/Scripts/Interaction/Pointable/VirtualPointable.cs","54","44","55","44"
"Using New() allocation in Update() method.","Update() method is called each frame. It's efficient to allocate new resource using New() in Update() method.","warning","Using New() to create object in Update here.","/Assets/Oculus/Interaction/Runtime/Scripts/Interaction/Pointable/VirtualPointable.cs","59","44","60","44"
"Using New() allocation in Update() method.","Update() method is called each frame. It's efficient to allocate new resource using New() in Update() method.","warning","Using New() to create object in Update here.","/Assets/Oculus/Interaction/Runtime/Scripts/Interaction/Pointable/VirtualPointable.cs","61","44","62","44"
"Using New() allocation in Update() method.","Update() method is called each frame. It's efficient to allocate new resource using New() in Update() method.","warning","Using New() to create object in Update here.","/Assets/Oculus/Interaction/Runtime/Scripts/Interaction/Pointable/VirtualPointable.cs","69","40","70","40"
"Using New() allocation in Update() method.","Update() method is called each frame. It's efficient to allocate new resource using New() in Update() method.","warning","Using New() to create object in Update here.","/Assets/Oculus/Interaction/Runtime/Scripts/MaterialProperties/DotGridProperties.cs","111","50","111","103"
"Using New() allocation in Update() method.","Update() method is called each frame. It's efficient to allocate new resource using New() in Update() method.","warning","Using New() to create object in Update here.","/Assets/Oculus/Interaction/Runtime/Scripts/PoseDetection/HmdOffset.cs","66","42","66","79"
"Using New() allocation in Update() method.","Update() method is called each frame. It's efficient to allocate new resource using New() in Update() method.","warning","Using New() to create object in Update here.","/Assets/Oculus/Interaction/Runtime/Scripts/PoseDetection/HmdOffset.cs","67","40","67","77"
"Using New() allocation in Update() method.","Update() method is called each frame. It's efficient to allocate new resource using New() in Update() method.","warning","Using New() to create object in Update here.","/Assets/Oculus/Interaction/Runtime/Scripts/PoseDetection/HmdOffset.cs","68","41","68","78"
"Using New() allocation in Update() method.","Update() method is called each frame. It's efficient to allocate new resource using New() in Update() method.","warning","Using New() to create object in Update here.","/Assets/Oculus/VR/Scripts/Composition/OVRDirectComposition.cs","133","32","133","44"
"Using New() allocation in Update() method.","Update() method is called each frame. It's efficient to allocate new resource using New() in Update() method.","warning","Using New() to create object in Update here.","/Assets/Oculus/VR/Scripts/Composition/OVRDirectComposition.cs","146","30","146","42"
"Using New() allocation in Update() method.","Update() method is called each frame. It's efficient to allocate new resource using New() in Update() method.","warning","Using New() to create object in Update here.","/Assets/Oculus/VR/Scripts/Composition/OVRDirectComposition.cs","184","31","184","103"
"Using New() allocation in Update() method.","Update() method is called each frame. It's efficient to allocate new resource using New() in Update() method.","warning","Using New() to create object in Update here.","/Assets/Oculus/VR/Scripts/Composition/OVRExternalComposition.cs","399","29","399","41"
"Using New() allocation in Update() method.","Update() method is called each frame. It's efficient to allocate new resource using New() in Update() method.","warning","Using New() to create object in Update here.","/Assets/Oculus/VR/Scripts/Composition/OVRExternalComposition.cs","400","32","400","44"
"Using New() allocation in Update() method.","Update() method is called each frame. It's efficient to allocate new resource using New() in Update() method.","warning","Using New() to create object in Update here.","/Assets/Oculus/VR/Scripts/OVRHeadsetEmulator.cs","126","46","126","98"
"Using New() allocation in Update() method.","Update() method is called each frame. It's efficient to allocate new resource using New() in Update() method.","warning","Using New() to create object in Update here.","/Assets/Oculus/VR/Scripts/OVRMixedReality.cs","103","26","103","92"
"Using New() allocation in Update() method.","Update() method is called each frame. It's efficient to allocate new resource using New() in Update() method.","warning","Using New() to create object in Update here.","/Assets/Oculus/VR/Scripts/OVRMixedReality.cs","111","26","111","90"
"Using New() allocation in Update() method.","Update() method is called each frame. It's efficient to allocate new resource using New() in Update() method.","warning","Using New() to create object in Update here.","/Assets/Oculus/VR/Scripts/OVROverlayMeshGenerator.cs","115","85","115","104"
"Using New() allocation in Update() method.","Update() method is called each frame. It's efficient to allocate new resource using New() in Update() method.","warning","Using New() to create object in Update here.","/Assets/Oculus/VR/Scripts/OVROverlayMeshGenerator.cs","116","87","116","106"
"Using New() allocation in Update() method.","Update() method is called each frame. It's efficient to allocate new resource using New() in Update() method.","warning","Using New() to create object in Update here.","/Assets/Oculus/VR/Scripts/OVROverlayMeshGenerator.cs","117","83","117","102"
"Using New() allocation in Update() method.","Update() method is called each frame. It's efficient to allocate new resource using New() in Update() method.","warning","Using New() to create object in Update here.","/Assets/Oculus/VR/Scripts/OVROverlayMeshGenerator.cs","141","27","141","72"
"Using New() allocation in Update() method.","Update() method is called each frame. It's efficient to allocate new resource using New() in Update() method.","warning","Using New() to create object in Update here.","/Assets/Oculus/VR/Scripts/OVRPointerVisualizer.cs","36","13","36","64"
"Using New() allocation in Update() method.","Update() method is called each frame. It's efficient to allocate new resource using New() in Update() method.","warning","Using New() to create object in Update here.","/Assets/Oculus/VR/Scripts/Util/OVRMixedRealityCaptureTest.cs","201","50","201","69"
"Using New() allocation in Update() method.","Update() method is called each frame. It's efficient to allocate new resource using New() in Update() method.","warning","Using New() to create object in Update here.","/Assets/Oculus/VR/Scripts/Util/OVRMixedRealityCaptureTest.cs","207","28","207","47"
"Using New() allocation in Update() method.","Update() method is called each frame. It's efficient to allocate new resource using New() in Update() method.","warning","Using New() to create object in Update here.","/Assets/Oculus/VR/Scripts/Util/OVRMixedRealityCaptureTest.cs","231","25","231","44"
"Using New() allocation in Update() method.","Update() method is called each frame. It's efficient to allocate new resource using New() in Update() method.","warning","Using New() to create object in Update here.","/Assets/Oculus/VR/Scripts/Util/OVRSkeleton.cs","475","40","475","98"
"Using New() allocation in Update() method.","Update() method is called each frame. It's efficient to allocate new resource using New() in Update() method.","warning","Using New() to create object in Update here.","/Assets/Oculus/VR/Scripts/Util/OVRSpectatorModeDomeTest.cs","277","49","277","68"
"Using New() allocation in Update() method.","Update() method is called each frame. It's efficient to allocate new resource using New() in Update() method.","warning","Using New() to create object in Update here.","/Assets/Oculus/VR/Scripts/Util/OVRVignette.cs","396","32","396","86"
"Using New() allocation in Update() method.","Update() method is called each frame. It's efficient to allocate new resource using New() in Update() method.","warning","Using New() to create object in Update here.","/Assets/Oculus/VR/Scripts/Util/OVRVignette.cs","397","32","397","88"
"Using New() allocation in Update() method.","Update() method is called each frame. It's efficient to allocate new resource using New() in Update() method.","warning","Using New() to create object in Update here.","/Assets/Oculus/VR/Scripts/Util/OVRVignette.cs","398","37","398","93"
"Using New() allocation in Update() method.","Update() method is called each frame. It's efficient to allocate new resource using New() in Update() method.","warning","Using New() to create object in Update here.","/Assets/Oculus/VR/Scripts/Util/OVRVignette.cs","399","37","399","91"
"Using New() allocation in Update() method.","Update() method is called each frame. It's efficient to allocate new resource using New() in Update() method.","warning","Using New() to create object in Update here.","/Assets/Oculus/VR/Scripts/Util/OVRVignette.cs","383","24","383","106"
"Using New() allocation in Update() method.","Update() method is called each frame. It's efficient to allocate new resource using New() in Update() method.","warning","Using New() to create object in Update here.","/Assets/PostProcessing/Utilities/CustomMotionTexture/ExampleWheelController.cs","24","43","24","78"
"Using New() allocation in Update() method.","Update() method is called each frame. It's efficient to allocate new resource using New() in Update() method.","warning","Using New() to create object in Update here.","/Assets/PostProcessing/Utilities/CustomMotionTexture/ExampleWheelController.cs","26","43","26","77"
"Using New() allocation in Update() method.","Update() method is called each frame. It's efficient to allocate new resource using New() in Update() method.","warning","Using New() to create object in Update here.","/Assets/SteamVR/Editor/SteamVR_UnitySettingsWindow.cs","122","34","122","54"
"Using New() allocation in Update() method.","Update() method is called each frame. It's efficient to allocate new resource using New() in Update() method.","warning","Using New() to create object in Update here.","/Assets/SteamVR/Editor/SteamVR_Update.cs","42","34","42","52"
"Using New() allocation in Update() method.","Update() method is called each frame. It's efficient to allocate new resource using New() in Update() method.","warning","Using New() to create object in Update here.","/Assets/SteamVR/Editor/SteamVR_Update.cs","56","32","56","43"
"Using New() allocation in Update() method.","Update() method is called each frame. It's efficient to allocate new resource using New() in Update() method.","warning","Using New() to create object in Update here.","/Assets/SteamVR/Editor/SteamVR_Update.cs","59","38","59","58"
"Using New() allocation in Update() method.","Update() method is called each frame. It's efficient to allocate new resource using New() in Update() method.","warning","Using New() to create object in Update here.","/Assets/SteamVR/Scripts/SteamVR_PlayArea.cs","206","30","206","44"
"Using New() allocation in Update() method.","Update() method is called each frame. It's efficient to allocate new resource using New() in Update() method.","warning","Using New() to create object in Update here.","/Assets/SteamVR/Scripts/SteamVR_Render.cs","416","27","416","41"
"Using New() allocation in Update() method.","Update() method is called each frame. It's efficient to allocate new resource using New() in Update() method.","warning","Using New() to create object in Update here.","/Assets/SteamVR/Scripts/SteamVR_RenderModel.cs","729","30","729","44"
"Using New() allocation in Update() method.","Update() method is called each frame. It's efficient to allocate new resource using New() in Update() method.","warning","Using New() to create object in Update here.","/Assets/SteamVR/Scripts/SteamVR_RingBuffer.cs","92","40","92","64"
"Using New() allocation in Update() method.","Update() method is called each frame. It's efficient to allocate new resource using New() in Update() method.","warning","Using New() to create object in Update here.","/Assets/SteamVR/Scripts/SteamVR_TrackedCamera.cs","91","69","91","87"
"Using New() allocation in Update() method.","Update() method is called each frame. It's efficient to allocate new resource using New() in Update() method.","warning","Using New() to create object in Update here.","/Assets/SteamVR/Scripts/SteamVR_TrackedCamera.cs","115","39","115","61"
"Transform object of Rigidbody in Update() methods","Rigidbody needs to be transformed in FixedUpdate() methods to simulate real-world movement.","warning","Here exists the Rigidbody transform in update [[""here""|""relative:///Assets/Scripts/PanelStats.cs:68:13:68:15""]].","/Assets/Scripts/PanelStats.cs","68","13","68","15"
"Transform object of Rigidbody in Update() methods","Rigidbody needs to be transformed in FixedUpdate() methods to simulate real-world movement.","warning","Here exists the Rigidbody transform in update [[""here""|""relative:///Assets/Scripts/SceneLoader.cs:318:13:318:15""]].","/Assets/Scripts/SceneLoader.cs","318","13","318","15"
