"Transform object of Rigidbody in Update() methods","Rigidbody needs to be transformed in FixedUpdate() methods to simulate real-world movement.","warning","Here exists the Rigidbody transform in update [[""here""|""relative:///Assets/Scripts/ArrowManager.cs:57:13:57:24""]].","/Assets/Scripts/ArrowManager.cs","88","17","88","29"
"Transform object of Rigidbody in Update() methods","Rigidbody needs to be transformed in FixedUpdate() methods to simulate real-world movement.","warning","Here exists the Rigidbody transform in update [[""here""|""relative:///Assets/Scripts/ArrowManager.cs:100:17:100:51""]].","/Assets/Scripts/ArrowManager.cs","100","17","100","51"
"Transform object of Rigidbody in Update() methods","Rigidbody needs to be transformed in FixedUpdate() methods to simulate real-world movement.","warning","Here exists the Rigidbody transform in update [[""here""|""relative:///Assets/Scripts/ArrowManager.cs:100:17:100:51""]].
Here exists the Rigidbody transform in update [[""here""|""relative:///Assets/Scripts/ArrowManager.cs:100:17:100:25""]].","/Assets/Scripts/ArrowManager.cs","100","17","100","25"
"Transform object of Rigidbody in Update() methods","Rigidbody needs to be transformed in FixedUpdate() methods to simulate real-world movement.","warning","Here exists the Rigidbody transform in update [[""here""|""relative:///Assets/Scripts/ArrowManager.cs:101:17:101:51""]].","/Assets/Scripts/ArrowManager.cs","101","17","101","51"
"Transform object of Rigidbody in Update() methods","Rigidbody needs to be transformed in FixedUpdate() methods to simulate real-world movement.","warning","Here exists the Rigidbody transform in update [[""here""|""relative:///Assets/Scripts/ArrowManager.cs:101:17:101:51""]].
Here exists the Rigidbody transform in update [[""here""|""relative:///Assets/Scripts/ArrowManager.cs:101:17:101:25""]].","/Assets/Scripts/ArrowManager.cs","101","17","101","25"
"Transform object of Rigidbody in Update() methods","Rigidbody needs to be transformed in FixedUpdate() methods to simulate real-world movement.","warning","Here exists the Rigidbody transform in update [[""here""|""relative:///Assets/Scripts/ArrowManager.cs:102:17:102:51""]].","/Assets/Scripts/ArrowManager.cs","102","17","102","51"
"Transform object of Rigidbody in Update() methods","Rigidbody needs to be transformed in FixedUpdate() methods to simulate real-world movement.","warning","Here exists the Rigidbody transform in update [[""here""|""relative:///Assets/Scripts/ArrowManager.cs:102:17:102:51""]].
Here exists the Rigidbody transform in update [[""here""|""relative:///Assets/Scripts/ArrowManager.cs:102:17:102:25""]].","/Assets/Scripts/ArrowManager.cs","102","17","102","25"
